단지명,전용면적,위도,경도,지하철역까지(m),환율,맛집,문화공간,문화재,쇼핑,버스정류장까지(m),버스정류장,금리,보증금고려월세,지하철역,소비자물가지수,종합주가지수,주택담보대출금리,예측일일가격,예측월세가격,기존월세가격,월수입차액,주소
남산타운,84.88,37.54716677,127.0056772,153.7732237,1205.4,30,13,28,6,38.78579685,버티고개,1.25,59.16666667,버티고개역,105.3,2724.02,2.88,35.62689,374.0823,59.16666667,314.91563923820314,서울특별시 중구 신당동
서울역센트럴자이,84.9918,37.55478004,126.9644582,546.5467807,1187.6,47,20,55,4,161.2238443,손기정체육공원입구,1.25,61.04166667,충정로(경기대입구)역,104.69,2865.55,2.82,34.579514,363.08487,61.04166667,302.04320271476564,서울특별시 중구 만리동2가
래미안하이베르,84.98,37.56103798,127.0209858,524.9534945,1197.8,44,15,23,27,264.0077329,동화동,1.25,66.375,신당역,104.69,2865.55,2.82,34.245266,359.57532,66.375,293.2003173828125,서울특별시 중구 신당동
서울역한라비발디센트럴,84.9774,37.55457358,126.9658471,376.5303457,1196.0,67,24,65,4,37.00312507,손기정체육공원입구,1.25,106.2916667,서울역,105.3,2724.02,2.88,36.415077,382.35828,106.2916667,276.0666096671875,서울특별시 중구 만리동2가
롯데캐슬,84.97,37.57081055,127.0214639,533.6157523,1311.7,21,7,4,23,99.4277459,황학동롯데캐슬,2.25,120.5,신설동역,108.74,2362.79,3.17,37.03225,388.83862,120.5,268.338623046875,서울특별시 중구 황학동
남산타운,84.88,37.54716677,127.0056772,153.7732237,1199.4,30,13,28,6,38.78579685,버티고개,1.25,106.25,버티고개역,105.3,2724.02,2.88,35.62957,374.11047,106.25,267.8604736328125,서울특별시 중구 신당동
롯데캐슬,84.92,37.57081055,127.0214639,533.6157523,1274.6,21,7,4,23,99.4277459,황학동롯데캐슬,1.75,119.375,신설동역,107.56,2628.34,3.03,36.767582,386.0596,119.375,266.6846008300781,서울특별시 중구 황학동
장충,62.48,37.55925649,127.0016754,347.6796584,1265.7,99,33,57,28,100.4579539,동국대입구앰배서더호텔,1.75,54.375,동대입구역,107.56,2628.34,3.03,30.53938,320.66348,54.375,266.2884826660156,서울특별시 중구 장충동2가
장충,62.48,37.55925649,127.0016754,347.6796584,1265.7,99,33,57,28,100.4579539,동국대입구앰배서더호텔,1.75,54.375,동대입구역,107.56,2628.34,3.03,30.53938,320.66348,54.375,266.2884826660156,서울특별시 중구 장충동2가
삼성사이버빌리지,84.93,37.55892666,126.9643209,86.42285254,1341.4,73,29,74,4,66.59799483,종근당.충정로역,2.5,119.1666667,충정로(경기대입구)역,108.62,2479.57,3.27,36.330566,381.47095,119.1666667,262.304280565625,서울특별시 중구 중림동
약수하이츠,84.88,37.5551916,127.0163594,358.1312623,1299.3,47,17,24,13,392.9343566,신당동대우푸르지오.금호여중,2.25,124.375,신금호역,108.74,2362.79,3.17,36.092747,378.97382,124.375,254.59881591796875,서울특별시 중구 신당동
LIG서울역리가,84.9866,37.55627298,126.966883,421.6932281,1274.6,74,30,74,4,168.6162443,서울의료보건고등학교.서울역서부,1.75,117.3958333,서울역,107.56,2628.34,3.03,34.815712,365.56494,117.3958333,248.16910810625,서울특별시 중구 만리동1가
남산타운,84.88,37.54716677,127.0056772,153.7732237,1347.7,30,13,28,6,38.78579685,버티고개,2.5,150.4166667,버티고개역,108.62,2479.57,3.27,37.40528,392.75546,150.4166667,242.3387959464844,서울특별시 중구 신당동
삼성V아파트A동,81.63,37.56147917,127.0159827,201.1764724,1341.4,63,19,26,31,115.7527868,신당동떡볶이타운.중구여성플라자,2.5,151.25,청구역,108.62,2479.57,3.27,36.883118,387.27274,151.25,236.02273559570312,서울특별시 중구 신당동
삼성V아파트A동,81.63,37.56147917,127.0159827,201.1764724,1341.4,63,19,26,31,115.7527868,신당동떡볶이타운.중구여성플라자,2.5,151.25,청구역,108.62,2479.57,3.27,36.883118,387.27274,151.25,236.02273559570312,서울특별시 중구 신당동
서울역한라비발디센트럴,84.9774,37.55457358,126.9658471,376.5303457,1199.4,67,24,65,4,37.00312507,손기정체육공원입구,1.25,146.875,서울역,105.3,2724.02,2.88,36.415077,382.35828,146.875,235.4832763671875,서울특별시 중구 만리동2가
서울역한라비발디센트럴,71.9832,37.55457358,126.9658471,376.5303457,1196.0,67,24,65,4,37.00312507,손기정체육공원입구,1.25,115.2083333,서울역,105.3,2724.02,2.88,33.347996,350.15396,115.2083333,234.94562788164063,서울특별시 중구 만리동2가
약수하이츠,84.88,37.5551916,127.0163594,358.1312623,1418.0,47,17,24,13,392.9343566,신당동대우푸르지오.금호여중,3.25,163.0833333,신금호역,109.1,2417.56,3.62,37.812973,397.0362,163.0833333,233.95286054765623,서울특별시 중구 신당동
삼성사이버빌리지,84.95,37.55892666,126.9643209,86.42285254,1205.7,73,29,74,4,66.59799483,종근당.충정로역,1.25,140.8333333,충정로(경기대입구)역,105.3,2724.02,2.88,35.644238,374.2645,140.8333333,233.43116254960933,서울특별시 중구 중림동
래미안하이베르,84.97,37.56103798,127.0209858,524.9534945,1210.7,44,15,23,27,264.0077329,동화동,1.5,138.75,신당역,106.85,2703.24,2.98,35.320602,370.8663,138.75,232.1163024902344,서울특별시 중구 신당동
남산타운,84.88,37.54716677,127.0056772,153.7732237,1220.5,30,13,28,6,38.78579685,버티고개,1.25,137.4166667,버티고개역,106.06,2698.72,2.93,35.06106,368.14117,137.4166667,230.72450761640624,서울특별시 중구 신당동
서울역한라비발디센트럴,71.9832,37.55457358,126.9658471,376.5303457,1199.6,67,24,65,4,37.00312507,손기정체육공원입구,1.25,124.25,서울역,104.69,2865.55,2.82,33.47153,351.45108,124.25,227.2010803222656,서울특별시 중구 만리동2가
롯데캐슬,114.9,37.57081055,127.0214639,533.6157523,1311.0,21,7,4,23,99.4277459,황학동롯데캐슬,2.25,161.8125,신설동역,108.74,2362.79,3.17,37.006355,388.56674,161.8125,226.7542419433593,서울특별시 중구 황학동
남산타운,84.88,37.54716677,127.0056772,153.7732237,1381.2,30,13,28,6,38.78579685,버티고개,2.5,150.4166667,버티고개역,108.93,2333.93,3.38,35.798264,375.88174,150.4166667,225.4650776847656,서울특별시 중구 신당동
약수하이츠,84.88,37.5551916,127.0163594,358.1312623,1265.7,47,17,24,13,392.9343566,신당동대우푸르지오.금호여중,1.75,153.75,신금호역,107.56,2628.34,3.03,36.074875,378.78616,153.75,225.03616333007807,서울특별시 중구 신당동
래미안하이베르,84.97,37.56103798,127.0209858,524.9534945,1302.7,44,15,23,27,264.0077329,동화동,2.25,152.25,신당역,108.74,2362.79,3.17,35.7657,375.53986,152.25,223.28985595703125,서울특별시 중구 신당동
청구e편한세상,84.95,37.55996016,127.015451,148.0705762,1205.4,63,20,29,31,70.23484134,청구역,1.25,158.8125,청구역,105.3,2724.02,2.88,36.196796,380.06638,158.8125,221.25387573242188,서울특별시 중구 신당동
약수(372-2796),65.02,37.55376893,127.0108054,67.60227851,1432.1,54,20,30,10,75.75270809,약수역8번출구.신당사회복지관,3.0,95.0,약수역,109.21,2230.27,3.52,29.7121,311.97705,95.0,216.97705078125,서울특별시 중구 신당동
삼성,114.91,37.55853588,127.0184475,472.8633598,1220.6,55,17,24,29,25.03257628,신당동삼성아파트.금호여중,1.25,147.5,신금호역,106.06,2698.72,2.93,34.620327,363.51346,147.5,216.01345825195312,서울특별시 중구 신당동
aaa,75.45,37.56744648,127.0165271,147.34852,1196.4,42,14,17,30,121.0655538,성동공업고등학교(무궁화회관),1.25,165.2083333,신당역,105.3,2724.02,2.88,36.26706,380.8041,165.2083333,215.59577436601563,서울특별시 중구 흥인동
남산타운,84.88,37.54716677,127.0056772,153.7732237,1190.4,30,13,28,6,38.78579685,버티고개,1.25,152.0833333,버티고개역,104.69,2865.55,2.82,34.78307,365.22223,152.0833333,213.13889570390623,서울특별시 중구 신당동
남산타운,84.88,37.54716677,127.0056772,153.7732237,1195.2,30,13,28,6,38.78579685,버티고개,1.25,153.4166667,버티고개역,104.69,2865.55,2.82,34.78307,365.22223,153.4166667,211.80556230390624,서울특별시 중구 신당동
삼성사이버빌리지,84.95,37.55892666,126.9643209,86.42285254,1299.8,73,29,74,4,66.59799483,종근당.충정로역,2.25,157.5,충정로(경기대입구)역,108.74,2362.79,3.17,35.147217,369.04578,157.5,211.5457763671875,서울특별시 중구 중림동
남산타운,84.88,37.54716677,127.0056772,153.7732237,1274.6,30,13,28,6,38.78579685,버티고개,1.75,165.2916667,버티고개역,107.56,2628.34,3.03,35.831486,376.2306,165.2916667,210.9389241203125,서울특별시 중구 신당동
약수하이츠,84.88,37.5551916,127.0163594,358.1312623,1190.4,47,17,24,13,392.9343566,신당동대우푸르지오.금호여중,1.25,155.4166667,신금호역,104.69,2865.55,2.82,34.87234,366.1596,155.4166667,210.7429402335937,서울특별시 중구 신당동
남산타운,84.88,37.54716677,127.0056772,153.7732237,1265.7,30,13,28,6,38.78579685,버티고개,1.75,165.8333333,버티고개역,107.56,2628.34,3.03,35.85289,376.45532,165.8333333,210.621988965625,서울특별시 중구 신당동
약수하이츠,57.63,37.5551916,127.0163594,358.1312623,1199.6,47,17,24,13,392.9343566,신당동대우푸르지오.금호여중,1.25,62.375,신금호역,105.3,2724.02,2.88,25.885824,271.80115,62.375,209.4261474609375,서울특별시 중구 신당동
남산타운,84.88,37.54716677,127.0056772,153.7732237,1238.4,30,13,28,6,38.78579685,버티고개,1.75,170.2916667,버티고개역,108.74,2474.95,3.1,36.016747,378.17584,170.2916667,207.88417558515624,서울특별시 중구 신당동
롯데캐슬,59.94,37.57081055,127.0214639,533.6157523,1194.7,21,7,4,23,99.4277459,황학동롯데캐슬,1.25,63.75,신설동역,105.3,2724.02,2.88,25.847467,271.3984,63.75,207.64840698242188,서울특별시 중구 황학동
롯데캐슬,84.9,37.57081055,127.0214639,533.6157523,1274.6,21,7,4,23,99.4277459,황학동롯데캐슬,1.75,180.2916667,신설동역,107.56,2628.34,3.03,36.767582,386.0596,180.2916667,205.7679341300781,서울특별시 중구 황학동
롯데캐슬,84.89,37.57081055,127.0214639,533.6157523,1238.4,21,7,4,23,99.4277459,황학동롯데캐슬,1.75,186.2916667,신설동역,108.74,2474.95,3.1,37.212395,390.73013,186.2916667,204.43846635664065,서울특별시 중구 황학동
삼성,84.96,37.55853588,127.0184475,472.8633598,1284.1,55,17,24,29,25.03257628,신당동삼성아파트.금호여중,1.75,169.1666667,신금호역,108.74,2474.95,3.1,35.553223,373.30884,169.1666667,204.142171190625,서울특별시 중구 신당동
롯데캐슬,84.92,37.57081055,127.0214639,533.6157523,1303.1,21,7,4,23,99.4277459,황학동롯데캐슬,2.5,190.4166667,신설동역,108.62,2479.57,3.27,37.555122,394.3288,190.4166667,203.9121296867188,서울특별시 중구 황학동
약수(372-2796),52.93,37.55376893,127.0108054,67.60227851,1311.7,54,20,30,10,75.75270809,약수역8번출구.신당사회복지관,2.25,53.75,약수역,108.74,2362.79,3.17,24.514402,257.4012,53.75,203.6512145996093,서울특별시 중구 신당동
남산타운,84.88,37.54716677,127.0056772,153.7732237,1300.6,30,13,28,6,38.78579685,버티고개,2.25,174.625,버티고개역,108.74,2362.79,3.17,35.988983,377.8843,174.625,203.25930786132807,서울특별시 중구 신당동
남산타운,84.88,37.54716677,127.0056772,153.7732237,1302.5,30,13,28,6,38.78579685,버티고개,2.5,176.25,버티고개역,108.62,2479.57,3.27,36.052387,378.55008,176.25,202.30007934570312,서울특별시 중구 신당동
남산타운,84.88,37.54716677,127.0056772,153.7732237,1300.6,30,13,28,6,38.78579685,버티고개,2.25,177.375,버티고개역,108.74,2362.79,3.17,35.988983,377.8843,177.375,200.50930786132807,서울특별시 중구 신당동
남산타운,59.94,37.54716677,127.0056772,153.7732237,1274.6,30,13,28,6,38.78579685,버티고개,1.75,86.25,버티고개역,107.56,2628.34,3.03,27.289291,286.53754,86.25,200.2875366210937,서울특별시 중구 신당동
롯데캐슬,84.92,37.57081055,127.0214639,533.6157523,1287.5,21,7,4,23,99.4277459,황학동롯데캐슬,1.75,186.2916667,신설동역,108.74,2474.95,3.1,36.800987,386.41037,186.2916667,200.11870317304687,서울특별시 중구 황학동
남산타운,59.94,37.54716677,127.0056772,153.7732237,1291.7,30,13,28,6,38.78579685,버티고개,1.75,87.08333333,버티고개역,108.74,2474.95,3.1,27.349014,287.16464,87.08333333,200.0813090039844,서울특별시 중구 신당동
롯데캐슬,84.97,37.57081055,127.0214639,533.6157523,1286.4,21,7,4,23,99.4277459,황학동롯데캐슬,1.75,186.2916667,신설동역,107.56,2628.34,3.03,36.726414,385.62732,186.2916667,199.3356526359375,서울특별시 중구 황학동
삼성사이버빌리지,84.95,37.55892666,126.9643209,86.42285254,1281.6,73,29,74,4,66.59799483,종근당.충정로역,1.75,170.0,충정로(경기대입구)역,107.56,2628.34,3.03,35.137123,368.93976,170.0,198.93975830078125,서울특별시 중구 중림동
삼성,84.96,37.55853588,127.0184475,472.8633598,1292.9,55,17,24,29,25.03257628,신당동삼성아파트.금호여중,1.75,174.5833333,신금호역,108.74,2474.95,3.1,35.565872,373.44165,174.5833333,198.858317090625,서울특별시 중구 신당동
롯데캐슬,84.97,37.57081055,127.0214639,533.6157523,1302.7,21,7,4,23,99.4277459,황학동롯데캐슬,2.25,191.375,신설동역,108.74,2362.79,3.17,37.01851,388.69434,191.375,197.3193359375,서울특별시 중구 황학동
도현블랑빌,98.39,37.54803747,127.0061728,78.00896249,1228.7,30,13,29,6,29.03902553,버티고개,1.25,161.25,버티고개역,106.06,2698.72,2.93,34.05288,357.55524,161.25,196.30523681640625,서울특별시 중구 신당동
롯데캐슬,84.89,37.57081055,127.0214639,533.6157523,1199.6,21,7,4,23,99.4277459,황학동롯데캐슬,1.25,174.25,신설동역,105.3,2724.02,2.88,35.279453,370.43423,174.25,196.18423461914065,서울특별시 중구 황학동
약수(372-2796),52.93,37.55376893,127.0108054,67.60227851,1436.6,54,20,30,10,75.75270809,약수역8번출구.신당사회복지관,3.0,72.5,약수역,109.21,2230.27,3.52,25.344608,266.11838,72.5,193.61837768554688,서울특별시 중구 신당동
남산센트럴자이,82.413,37.5625144,126.9978244,352.7013286,1218.5,104,36,55,33,129.0802747,충무로역8번출구.대한극장앞,1.5,142.5,충무로역,106.85,2703.24,2.98,32.008728,336.09164,142.5,193.5916442871093,서울특별시 중구 충무로4가
롯데캐슬,84.92,37.57081055,127.0214639,533.6157523,1219.4,21,7,4,23,99.4277459,황학동롯데캐슬,1.25,184.2083333,신설동역,106.06,2698.72,2.93,35.703064,374.88217,184.2083333,190.67383833085933,서울특별시 중구 황학동
신당푸르지오,145.1,37.55986467,127.0190343,453.603167,1290.6,55,15,24,29,62.12000898,동화동,1.75,205.625,청구역,108.74,2474.95,3.1,37.432896,393.04538,205.625,187.42037963867188,서울특별시 중구 신당동
롯데캐슬,59.94,37.57081055,127.0214639,533.6157523,1390.1,21,7,4,23,99.4277459,황학동롯데캐슬,2.5,101.75,신설동역,108.93,2333.93,3.38,27.389978,287.59476,101.75,185.84475708007807,서울특별시 중구 황학동
삼성사이버빌리지,59.7,37.55892666,126.9643209,86.42285254,1199.6,73,29,74,4,66.59799483,종근당.충정로역,1.25,101.1666667,충정로(경기대입구)역,104.69,2865.55,2.82,27.276957,286.40805,101.1666667,185.24138383710937,서울특별시 중구 중림동
롯데캐슬,59.91,37.57081055,127.0214639,533.6157523,1408.4,21,7,4,23,99.4277459,황학동롯데캐슬,2.5,102.5,신설동역,108.93,2333.93,3.38,27.389978,287.59476,102.5,185.09475708007807,서울특별시 중구 황학동
약수하이츠,65.37,37.5551916,127.0163594,358.1312623,1302.7,47,17,24,13,392.9343566,신당동대우푸르지오.금호여중,2.25,119.5,신금호역,108.74,2362.79,3.17,28.961376,304.09445,119.5,184.59445190429688,서울특별시 중구 신당동
롯데캐슬,59.91,37.57081055,127.0214639,533.6157523,1274.6,21,7,4,23,99.4277459,황학동롯데캐슬,1.75,92.66666667,신설동역,107.56,2628.34,3.03,26.243994,275.56192,92.66666667,182.89525349601564,서울특별시 중구 황학동
약수하이츠,84.88,37.5551916,127.0163594,358.1312623,1199.6,47,17,24,13,392.9343566,신당동대우푸르지오.금호여중,1.25,185.2083333,신금호역,104.69,2865.55,2.82,34.97437,367.23087,185.2083333,182.02253217851563,서울특별시 중구 신당동
대우디오빌,73.86,37.55501987,126.967199,300.4751552,1317.3,69,27,69,4,106.4469829,손기정체육공원입구,2.5,190.4166667,서울역,108.62,2479.57,3.27,35.396137,371.65945,190.4166667,181.24278764570312,서울특별시 중구 만리동1가
약수하이츠,84.88,37.5551916,127.0163594,358.1312623,1194.2,47,17,24,13,392.9343566,신당동대우푸르지오.금호여중,1.25,185.2083333,신금호역,104.69,2865.55,2.82,34.87234,366.1596,185.2083333,180.95127363359376,서울특별시 중구 신당동
약수하이츠,114.92,37.5551916,127.0163594,358.1312623,1394.2,47,17,24,13,392.9343566,신당동대우푸르지오.금호여중,2.5,200.4166667,신금호역,108.93,2333.93,3.38,36.144894,379.52136,200.4166667,179.1046956046875,서울특별시 중구 신당동
삼정아트테라스정동,32.0134,37.56325109,126.9720315,300.913761,1202.7,143,42,101,11,230.6842081,서소문KAL빌딩,1.25,65.83333333,시청역,105.3,2724.02,2.88,23.267296,244.3066,65.83333333,178.4732615186328,서울특별시 중구 정동
서울역센트럴자이,72.9733,37.55478004,126.9644582,546.5467807,1220.6,47,20,55,4,161.2238443,손기정체육공원입구,1.25,196.875,충정로(경기대입구)역,106.06,2698.72,2.93,35.499077,372.7403,196.875,175.86529541015625,서울특별시 중구 만리동2가
서울역센트럴자이,72.9733,37.55478004,126.9644582,546.5467807,1220.6,47,20,55,4,161.2238443,손기정체육공원입구,1.25,196.875,충정로(경기대입구)역,106.06,2698.72,2.93,35.499077,372.7403,196.875,175.86529541015625,서울특별시 중구 만리동2가
남산타운,84.88,37.54716677,127.0056772,153.7732237,1326.7,30,13,28,6,38.78579685,버티고개,2.5,205.4166667,버티고개역,108.62,2479.57,3.27,36.190495,380.00018,205.4166667,174.58351640546874,서울특별시 중구 신당동
약수하이츠,57.63,37.5551916,127.0163594,358.1312623,1427.0,47,17,24,13,392.9343566,신당동대우푸르지오.금호여중,3.0,111.0,신금호역,109.21,2230.27,3.52,27.079039,284.3299,111.0,173.32989501953125,서울특별시 중구 신당동
남산센트럴자이,82.413,37.5625144,126.9978244,352.7013286,1196.0,104,36,55,33,129.0802747,충무로역8번출구.대한극장앞,1.25,162.0833333,충무로역,105.3,2724.02,2.88,31.915073,335.10828,162.0833333,173.0249430671875,서울특별시 중구 충무로4가
서울역센트럴자이,84.972,37.55478004,126.9644582,546.5467807,1336.9,47,20,55,4,161.2238443,손기정체육공원입구,2.5,216.6666667,충정로(경기대입구)역,108.62,2479.57,3.27,37.078022,389.31924,216.6666667,172.65257768476562,서울특별시 중구 만리동2가
신당KCC스위첸,59.7807,37.56333277,127.0245094,442.7768232,1218.5,18,7,4,16,120.5408259,금호베스트빌.래미안하이베르,1.5,97.5,상왕십리역,106.85,2703.24,2.98,25.717628,270.0351,97.5,172.53509521484375,서울특별시 중구 신당동
약수하이츠,57.63,37.5551916,127.0163594,358.1312623,1211.5,47,17,24,13,392.9343566,신당동대우푸르지오.금호여중,1.25,100.8333333,신금호역,106.06,2698.72,2.93,25.998728,272.98663,100.8333333,172.15330000078126,서울특별시 중구 신당동
삼성사이버빌리지,114.77,37.55892666,126.9643209,86.42285254,1430.4,73,29,74,4,66.59799483,종근당.충정로역,3.0,200.0,충정로(경기대입구)역,109.21,2230.27,3.52,35.272686,370.3632,200.0,170.36318969726562,서울특별시 중구 중림동
롯데캐슬,59.91,37.57081055,127.0214639,533.6157523,1199.4,21,7,4,23,99.4277459,황학동롯데캐슬,1.25,101.6666667,신설동역,105.3,2724.02,2.88,25.825962,271.1726,101.6666667,169.505940721875,서울특별시 중구 황학동
남산타운,84.88,37.54716677,127.0056772,153.7732237,1264.3,30,13,28,6,38.78579685,버티고개,1.75,207.2916667,버티고개역,107.56,2628.34,3.03,35.85289,376.45532,207.2916667,169.163655565625,서울특별시 중구 신당동
서울역센트럴자이,84.9918,37.55478004,126.9644582,546.5467807,1394.2,47,20,55,4,161.2238443,손기정체육공원입구,2.5,206.25,충정로(경기대입구)역,108.93,2333.93,3.38,35.672226,374.55835,206.25,168.308349609375,서울특별시 중구 만리동2가
롯데캐슬,84.92,37.57081055,127.0214639,533.6157523,1256.9,21,7,4,23,99.4277459,황학동롯데캐슬,1.75,222.2916667,신설동역,107.56,2628.34,3.03,37.13782,389.9471,222.2916667,167.65544633710937,서울특별시 중구 황학동
서울역센트럴자이,84.972,37.55478004,126.9644582,546.5467807,1302.5,47,20,55,4,161.2238443,손기정체육공원입구,2.5,225.8333333,충정로(경기대입구)역,108.62,2479.57,3.27,37.343857,392.11047,225.8333333,166.2771403328125,서울특별시 중구 만리동2가
남산타운,84.88,37.54716677,127.0056772,153.7732237,1188.2,30,13,28,6,38.78579685,버티고개,1.25,198.125,버티고개역,104.69,2865.55,2.82,34.628624,363.60056,198.125,165.47555541992188,서울특별시 중구 신당동
남산타운,84.88,37.54716677,127.0056772,153.7732237,1189.9,30,13,28,6,38.78579685,버티고개,1.25,200.8333333,버티고개역,104.69,2865.55,2.82,34.78307,365.22223,200.8333333,164.38889570390626,서울특별시 중구 신당동
묵정,52.46,37.56070747,127.0000607,522.9444305,1303.1,115,37,59,31,185.8641739,퇴계로5가,2.5,84.16666667,동대입구역,108.62,2479.57,3.27,23.328573,244.95001,84.16666667,160.78334553703127,서울특별시 중구 묵정동
남산타운,59.94,37.54716677,127.0056772,153.7732237,1404.2,30,13,28,6,38.78579685,버티고개,3.0,127.5,버티고개역,109.21,2230.27,3.52,27.426527,287.97855,127.5,160.47854614257812,서울특별시 중구 신당동
신당KCC스위첸,72.9906,37.56333277,127.0245094,442.7768232,1404.2,18,7,4,16,120.5408259,금호베스트빌.래미안하이베르,3.0,215.0,상왕십리역,109.21,2230.27,3.52,35.634876,374.1662,215.0,159.16619873046875,서울특별시 중구 신당동
서울역한라비발디센트럴,84.9774,37.55457358,126.9658471,376.5303457,1236.4,67,24,65,4,37.00312507,손기정체육공원입구,1.5,246.25,서울역,106.85,2703.24,2.98,38.59045,405.1997,246.25,158.94970703125,서울특별시 중구 만리동2가
청구e편한세상,84.95,37.55996016,127.015451,148.0705762,1197.1,63,20,29,31,70.23484134,청구역,1.25,220.8333333,청구역,105.3,2724.02,2.88,36.080246,378.84256,220.8333333,158.00922651445313,서울특별시 중구 신당동
삼성,59.98,37.55853588,127.0184475,472.8633598,1197.1,55,17,24,29,25.03257628,신당동삼성아파트.금호여중,1.25,111.0416667,신금호역,105.3,2724.02,2.88,25.578516,268.5744,111.0416667,157.53273515546874,서울특별시 중구 신당동
청구e편한세상,147.89,37.55996016,127.015451,148.0705762,1393.6,63,20,29,31,70.23484134,청구역,2.5,214.5833333,청구역,108.93,2333.93,3.38,35.43444,372.0616,214.5833333,157.47828169023438,서울특별시 중구 신당동
남산타운,84.88,37.54716677,127.0056772,153.7732237,1340.0,30,13,28,6,38.78579685,버티고개,3.25,233.5416667,버티고개역,109.1,2417.56,3.62,37.207123,390.67477,233.5416667,157.13310746992187,서울특별시 중구 신당동
삼성홈타운,52.59,37.56276522,127.0168769,381.6185557,1338.4,50,16,26,30,157.3067664,신당동떡볶이타운.중구여성플라자,3.25,113.5416667,신당역,109.1,2417.56,3.62,25.761497,270.49573,113.5416667,156.9540608390625,서울특별시 중구 신당동
남산타운,114.88,37.54716677,127.0056772,153.7732237,1314.9,30,13,28,6,38.78579685,버티고개,2.25,223.75,버티고개역,108.74,2362.79,3.17,36.114967,379.20712,223.75,155.45712280273438,서울특별시 중구 신당동
aaa,56.43,37.56744648,127.0165271,147.34852,1199.4,42,14,17,30,121.0655538,성동공업고등학교(무궁화회관),1.25,135.2083333,신당역,105.3,2724.02,2.88,27.53805,289.1495,135.2083333,153.94117231523438,서울특별시 중구 흥인동
삼성,114.91,37.55853588,127.0184475,472.8633598,1304.0,55,17,24,29,25.03257628,신당동삼성아파트.금호여중,2.25,218.75,신금호역,108.74,2362.79,3.17,35.438564,372.10495,218.75,153.35494995117188,서울특별시 중구 신당동
삼성사이버빌리지,59.7,37.55892666,126.9643209,86.42285254,1309.8,73,29,74,4,66.59799483,종근당.충정로역,2.5,128.6666667,충정로(경기대입구)역,108.62,2479.57,3.27,26.796127,281.3593,128.6666667,152.69264726484374,서울특별시 중구 중림동
롯데캐슬,84.9,37.57081055,127.0214639,533.6157523,1370.1,21,7,4,23,99.4277459,황학동롯데캐슬,3.25,231.25,신설동역,109.1,2417.56,3.62,36.46996,382.93457,231.25,151.6845703125,서울특별시 중구 황학동
약수하이츠,84.88,37.5551916,127.0163594,358.1312623,1338.2,47,17,24,13,392.9343566,신당동대우푸르지오.금호여중,2.5,230.4166667,신금호역,108.62,2479.57,3.27,36.381393,382.0046,230.4166667,151.58794145429687,서울특별시 중구 신당동
롯데캐슬,59.94,37.57081055,127.0214639,533.6157523,1310.0,21,7,4,23,99.4277459,황학동롯데캐슬,2.25,126.875,신설동역,108.74,2362.79,3.17,26.469082,277.92535,126.875,151.05035400390625,서울특별시 중구 황학동
현대,79.11,37.56050431,127.0229705,642.5304145,1404.2,27,9,13,16,145.0156737,금호베스트빌.래미안하이베르,3.0,112.5,신당역,109.21,2230.27,3.52,25.0968,263.5164,112.5,151.01638793945312,서울특별시 중구 신당동
순화동더샵,49.2,37.5602669,126.9720353,348.46062,1408.4,143,43,101,9,38.29151535,숭례문라마다&스위트호텔,2.5,90.66666667,서울역,108.93,2333.93,3.38,22.936651,240.83484,90.66666667,150.16817219718752,서울특별시 중구 순화동
래미안하이베르,59.95,37.56103798,127.0209858,524.9534945,1251.2,44,15,23,27,264.0077329,동화동,1.75,143.75,신당역,108.74,2474.95,3.1,27.768724,291.5716,143.75,147.82159423828125,서울특별시 중구 신당동
서울역센트럴자이,84.9791,37.55478004,126.9644582,546.5467807,1251.2,47,20,55,4,161.2238443,손기정체육공원입구,1.75,247.1666667,충정로(경기대입구)역,108.74,2474.95,3.1,37.53973,394.16714,247.1666667,147.00047807539062,서울특별시 중구 만리동2가
남산타운,84.88,37.54716677,127.0056772,153.7732237,1394.2,30,13,28,6,38.78579685,버티고개,2.5,230.8333333,버티고개역,108.93,2333.93,3.38,35.798264,375.88174,230.8333333,145.04841108476563,서울특별시 중구 신당동
남산타운,84.88,37.54716677,127.0056772,153.7732237,1394.2,30,13,28,6,38.78579685,버티고개,2.5,230.8333333,버티고개역,108.93,2333.93,3.38,35.798264,375.88174,230.8333333,145.04841108476563,서울특별시 중구 신당동
삼풍,66.16,37.5562357,126.982522,454.6283217,1436.5,156,45,110,11,156.6767596,남산케이블카,2.5,104.6666667,회현(남대문시장)역,108.93,2333.93,3.38,23.677486,248.6136,104.6666667,143.9469349845703,서울특별시 중구 회현동1가
남산타운,59.94,37.54716677,127.0056772,153.7732237,1281.6,30,13,28,6,38.78579685,버티고개,1.75,142.5833333,버티고개역,107.56,2628.34,3.03,27.248125,286.1053,142.5833333,143.52195234453126,서울특별시 중구 신당동
남산타운,59.94,37.54716677,127.0056772,153.7732237,1300.6,30,13,28,6,38.78579685,버티고개,2.25,145.0,버티고개역,108.74,2362.79,3.17,27.446789,288.19128,145.0,143.1912841796875,서울특별시 중구 신당동
현대,83.97,37.56050431,127.0229705,642.5304145,1408.0,27,9,13,16,145.0156737,금호베스트빌.래미안하이베르,2.5,120.8333333,신당역,108.93,2333.93,3.38,25.0968,263.5164,120.8333333,142.68305463945313,서울특별시 중구 신당동
남산타운,59.94,37.54716677,127.0056772,153.7732237,1212.7,30,13,28,6,38.78579685,버티고개,1.25,138.125,버티고개역,106.06,2698.72,2.93,26.73476,280.71497,138.125,142.5899658203125,서울특별시 중구 신당동
약수하이츠,57.63,37.5551916,127.0163594,358.1312623,1202.4,47,17,24,13,392.9343566,신당동대우푸르지오.금호여중,1.25,130.0,신금호역,104.69,2865.55,2.82,25.885824,271.80115,130.0,141.8011474609375,서울특별시 중구 신당동
남산타운,59.94,37.54716677,127.0056772,153.7732237,1225.4,30,13,28,6,38.78579685,버티고개,1.25,140.125,버티고개역,106.06,2698.72,2.93,26.770578,281.09106,140.125,140.966064453125,서울특별시 중구 신당동
삼정아트테라스정동,22.0989,37.56325109,126.9720315,300.913761,1408.4,143,42,101,11,230.6842081,서소문KAL빌딩,2.5,91.66666667,시청역,108.93,2333.93,3.38,22.14785,232.55241,91.66666667,140.8857472704297,서울특별시 중구 정동
남산센트럴자이,114.84,37.5625144,126.9978244,352.7013286,1197.1,104,36,55,33,129.0802747,충무로역8번출구.대한극장앞,1.25,198.125,충무로역,105.3,2724.02,2.88,32.26432,338.77536,198.125,140.65036010742188,서울특별시 중구 충무로4가
롯데캐슬,59.94,37.57081055,127.0214639,533.6157523,1211.1,21,7,4,23,99.4277459,황학동롯데캐슬,1.25,137.2916667,신설동역,106.06,2698.72,2.93,26.349968,276.67465,137.2916667,139.38298539960937,서울특별시 중구 황학동
롯데캐슬,59.94,37.57081055,127.0214639,533.6157523,1421.7,21,7,4,23,99.4277459,황학동롯데캐슬,3.25,154.1666667,신설동역,109.1,2417.56,3.62,27.710665,290.96198,154.1666667,136.79530839765624,서울특별시 중구 황학동
남산타운,59.94,37.54716677,127.0056772,153.7732237,1370.1,30,13,28,6,38.78579685,버티고개,3.25,168.125,버티고개역,109.1,2417.56,3.62,28.835382,302.7715,168.125,134.64651489257812,서울특별시 중구 신당동
남산타운,59.94,37.54716677,127.0056772,153.7732237,1202.7,30,13,28,6,38.78579685,버티고개,1.25,144.0833333,버티고개역,106.06,2698.72,2.93,26.487402,278.1177,144.0833333,134.03437299882813,서울특별시 중구 신당동
롯데캐슬,59.91,37.57081055,127.0214639,533.6157523,1304.0,21,7,4,23,99.4277459,황학동롯데캐슬,2.25,146.25,신설동역,108.74,2362.79,3.17,26.65048,279.83005,146.25,133.58004760742188,서울특별시 중구 황학동
남산타운,59.94,37.54716677,127.0056772,153.7732237,1275.5,30,13,28,6,38.78579685,버티고개,1.75,154.375,버티고개역,107.56,2628.34,3.03,27.289291,286.53754,154.375,132.16253662109375,서울특별시 중구 신당동
남산타운,59.94,37.54716677,127.0056772,153.7732237,1218.5,30,13,28,6,38.78579685,버티고개,1.5,156.25,버티고개역,106.85,2703.24,2.98,27.329908,286.96405,156.25,130.71405029296875,서울특별시 중구 신당동
남산타운,59.94,37.54716677,127.0056772,153.7732237,1212.7,30,13,28,6,38.78579685,버티고개,1.25,150.4166667,버티고개역,106.06,2698.72,2.93,26.73476,280.71497,150.4166667,130.2982991203125,서울특별시 중구 신당동
서울역센트럴자이,84.972,37.55478004,126.9644582,546.5467807,1197.1,47,20,55,4,161.2238443,손기정체육공원입구,1.25,242.4166667,충정로(경기대입구)역,105.3,2724.02,2.88,35.480553,372.5458,242.4166667,130.12914018476562,서울특별시 중구 만리동2가
삼성사이버빌리지,59.7,37.55892666,126.9643209,86.42285254,1351.4,73,29,74,4,66.59799483,종근당.충정로역,2.5,147.4166667,충정로(경기대입구)역,108.93,2333.93,3.38,26.431667,277.5325,147.4166667,130.11583452070312,서울특별시 중구 중림동
약수하이츠,114.92,37.5551916,127.0163594,358.1312623,1290.6,47,17,24,13,392.9343566,신당동대우푸르지오.금호여중,1.75,249.1666667,신금호역,108.74,2474.95,3.1,36.003475,378.03647,249.1666667,128.86980180585937,서울특별시 중구 신당동
서울역센트럴자이,72.9965,37.55478004,126.9644582,546.5467807,1351.4,47,20,55,4,161.2238443,손기정체육공원입구,2.5,243.75,충정로(경기대입구)역,108.93,2333.93,3.38,35.066322,368.19635,243.75,124.44635009765624,서울특별시 중구 만리동2가
삼성,59.98,37.55853588,127.0184475,472.8633598,1274.6,55,17,24,29,25.03257628,신당동삼성아파트.금호여중,1.75,154.5833333,신금호역,107.56,2628.34,3.03,26.505905,278.31198,154.5833333,123.72864790117188,서울특별시 중구 신당동
래미안하이베르,59.74,37.56103798,127.0209858,524.9534945,1212.6,44,15,23,27,264.0077329,동화동,1.5,147.5,신당역,106.85,2703.24,2.98,25.64094,269.22986,147.5,121.7298583984375,서울특별시 중구 신당동
약수하이츠,57.63,37.5551916,127.0163594,358.1312623,1394.2,47,17,24,13,392.9343566,신당동대우푸르지오.금호여중,2.5,164.1666667,신금호역,108.93,2333.93,3.38,27.103895,284.5909,164.1666667,120.42424516523435,서울특별시 중구 신당동
남산타운,84.88,37.54716677,127.0056772,153.7732237,1391.7,30,13,28,6,38.78579685,버티고개,2.5,255.8333333,버티고개역,108.93,2333.93,3.38,35.798264,375.88174,255.8333333,120.04841108476565,서울특별시 중구 신당동
남산타운,59.94,37.54716677,127.0056772,153.7732237,1196.9,30,13,28,6,38.78579685,버티고개,1.25,164.1666667,버티고개역,105.3,2724.02,2.88,26.971653,283.20236,164.1666667,119.03569536054688,서울특별시 중구 신당동
신성아파트,40.83,37.56354625,126.995815,280.8598005,1428.9,131,36,71,27,177.8616882,충무로역8번출구.대한극장앞,3.0,34.25,충무로역,109.21,2230.27,3.52,14.481515,152.0559,34.25,117.80589294433594,서울특별시 중구 인현동2가
롯데캐슬,59.94,37.57081055,127.0214639,533.6157523,1302.5,21,7,4,23,99.4277459,황학동롯데캐슬,2.5,170.4166667,신설동역,108.62,2479.57,3.27,27.187105,285.4646,170.4166667,115.047932909375,서울특별시 중구 황학동
남산타운,59.94,37.54716677,127.0056772,153.7732237,1336.9,30,13,28,6,38.78579685,버티고개,2.5,180.4166667,버티고개역,108.62,2479.57,3.27,27.893822,292.88513,180.4166667,112.46846513593748,서울특별시 중구 신당동
남산롯데캐슬아이리스,44.99,37.55822471,126.9817445,310.7749621,1199.4,163,48,118,11,85.65990389,남산3호터널,1.25,222.0833333,회현(남대문시장)역,105.3,2724.02,2.88,31.80979,334.00278,222.0833333,111.91944379960938,서울특별시 중구 회현동1가
래미안하이베르,59.74,37.56103798,127.0209858,524.9534945,1216.1,44,15,23,27,264.0077329,동화동,1.5,160.0,신당역,106.85,2703.24,2.98,25.74671,270.34045,160.0,110.3404541015625,서울특별시 중구 신당동
서울역센트럴자이,84.972,37.55478004,126.9644582,546.5467807,1211.1,47,20,55,4,161.2238443,손기정체육공원입구,1.25,270.8333333,충정로(경기대입구)역,106.06,2698.72,2.93,35.992794,377.92432,270.8333333,107.09098310625,서울특별시 중구 만리동2가
약수하이츠,57.63,37.5551916,127.0163594,358.1312623,1311.0,47,17,24,13,392.9343566,신당동대우푸르지오.금호여중,2.25,169.375,신금호역,108.74,2362.79,3.17,26.244377,275.56595,169.375,106.19094848632812,서울특별시 중구 신당동
삼성사이버빌리지,59.93,37.55892666,126.9643209,86.42285254,1297.9,73,29,74,4,66.59799483,종근당.충정로역,2.25,174.375,충정로(경기대입구)역,108.74,2362.79,3.17,26.687334,280.21698,174.375,105.84197998046876,서울특별시 중구 중림동
삼정아트테라스정동,18.6574,37.56325109,126.9720315,300.913761,1212.7,143,42,101,11,230.6842081,서소문KAL빌딩,1.25,74.625,시청역,106.06,2698.72,2.93,17.036306,178.88123,74.625,104.2562255859375,서울특별시 중구 정동
삼정아트테라스정동,18.0824,37.56325109,126.9720315,300.913761,1339.0,143,42,101,11,230.6842081,서소문KAL빌딩,3.25,77.08333333,시청역,109.1,2417.56,3.62,17.267742,181.3113,77.08333333,104.22796122566406,서울특별시 중구 정동
충무로헤센스마트,21.04,37.56134257,126.9985981,399.4739357,1210.7,117,36,52,32,166.9549957,퇴계로5가,1.5,33.75,충무로역,106.85,2703.24,2.98,13.077416,137.31287,33.75,103.5628662109375,서울특별시 중구 충무로5가
남산타운,114.88,37.54716677,127.0056772,153.7732237,1436.5,30,13,28,6,38.78579685,버티고개,3.0,277.5,버티고개역,109.21,2230.27,3.52,36.227303,380.3867,277.5,102.88668823242188,서울특별시 중구 신당동
삼정아트테라스정동,24.2849,37.56325109,126.9720315,300.913761,1404.2,143,42,101,11,230.6842081,서소문KAL빌딩,3.0,135.0,시청역,109.21,2230.27,3.52,22.126186,232.32495,135.0,97.324951171875,서울특별시 중구 정동
남산타운,114.88,37.54716677,127.0056772,153.7732237,1351.4,30,13,28,6,38.78579685,버티고개,2.5,279.1666667,버티고개역,108.93,2333.93,3.38,35.798264,375.88174,279.1666667,96.71507768476562,서울특별시 중구 신당동
약수하이츠,57.63,37.5551916,127.0163594,358.1312623,1312.1,47,17,24,13,392.9343566,신당동대우푸르지오.금호여중,2.25,179.375,신금호역,108.74,2362.79,3.17,26.270271,275.83786,179.375,96.46286010742188,서울특별시 중구 신당동
약수하이츠,57.63,37.5551916,127.0163594,358.1312623,1394.2,47,17,24,13,392.9343566,신당동대우푸르지오.금호여중,2.5,188.75,신금호역,108.93,2333.93,3.38,27.103895,284.5909,188.75,95.84091186523438,서울특별시 중구 신당동
남산타운,84.88,37.54716677,127.0056772,153.7732237,1212.7,30,13,28,6,38.78579685,버티고개,1.25,280.4166667,버티고개역,106.06,2698.72,2.93,35.02524,367.765,280.4166667,87.34834794843749,서울특별시 중구 신당동
이지마루충무로,28.43,37.56330387,126.9994581,392.9992958,1300.7,108,36,53,32,62.70948034,퇴계로5가,1.75,76.875,을지로4가역,108.74,2474.95,3.1,15.591816,163.71407,76.875,86.83906555175781,서울특별시 중구 충무로5가
서울역센트럴자이,59.943,37.55478004,126.9644582,546.5467807,1193.6,47,20,55,4,161.2238443,손기정체육공원입구,1.25,191.6666667,충정로(경기대입구)역,104.69,2865.55,2.82,26.4418,277.6389,191.6666667,85.97221879804687,서울특별시 중구 만리동2가
현대,139.275,37.56050431,127.0229705,642.5304145,1391.7,27,9,13,16,145.0156737,금호베스트빌.래미안하이베르,2.5,175.0,신당역,108.93,2333.93,3.38,24.82521,260.6647,175.0,85.66470336914062,서울특별시 중구 신당동
충무로엘크루메크로시티2,22.75,37.5633946,126.9999942,403.9462367,1205.4,101,37,51,31,72.19381704,퇴계로5가,1.25,68.125,을지로4가역,105.3,2724.02,2.88,14.556843,152.84685,68.125,84.72184753417969,서울특별시 중구 충무로5가
남산리젠트힐,93.51,37.54874597,127.005328,172.9443735,1291.7,33,13,30,6,121.2985283,버티고개,1.75,300.4375,버티고개역,108.74,2474.95,3.1,36.64448,384.76706,300.4375,84.32955932617188,서울특별시 중구 신당동
서울역한라비발디센트럴,84.9774,37.55457358,126.9658471,376.5303457,1202.4,67,24,65,4,37.00312507,손기정체육공원입구,1.25,290.4166667,서울역,104.69,2865.55,2.82,35.668484,374.5191,290.4166667,84.10243730390624,서울특별시 중구 만리동2가
삼정아트테라스정동,17.7034,37.56325109,126.9720315,300.913761,1228.7,143,42,101,11,230.6842081,서소문KAL빌딩,1.25,105.2083333,시청역,106.06,2698.72,2.93,18.022808,189.23949,105.2083333,84.03115339433593,서울특별시 중구 정동
덕수궁롯데캐슬,56.2897,37.56370849,126.970043,377.9433754,1338.4,140,40,99,9,109.1088259,경찰청.동북아역사재단,3.25,161.7083333,서대문역,109.1,2417.56,3.62,23.20688,243.67224,161.7083333,81.96390791093751,서울특별시 중구 순화동
충무로엘크루메크로시티2,22.75,37.5633946,126.9999942,403.9462367,1218.5,101,37,51,31,72.19381704,퇴계로5가,1.5,76.25,을지로4가역,106.85,2703.24,2.98,14.242302,149.54416,76.25,73.29415893554688,서울특별시 중구 충무로5가
동대문솔하임,17.67,37.56771654,127.0163481,174.3397766,1299.4,42,14,17,30,87.47235825,성동공업고등학교(무궁화회관),1.75,62.58333333,신당역,108.74,2474.95,3.1,12.896846,135.41687,62.58333333,72.8335367871875,서울특별시 중구 흥인동
충무로헤센스마트,21.04,37.56134257,126.9985981,399.4739357,1224.2,117,36,52,32,166.9549957,퇴계로5가,1.5,65.5,충무로역,106.85,2703.24,2.98,13.077416,137.31287,65.5,71.8128662109375,서울특별시 중구 충무로5가
충무로엘크루메크로시티2,22.75,37.5633946,126.9999942,403.9462367,1311.7,101,37,51,31,72.19381704,퇴계로5가,2.25,70.625,을지로4가역,108.74,2362.79,3.17,13.432654,141.04288,70.625,70.41787719726562,서울특별시 중구 충무로5가
덕수궁롯데캐슬,42.3686,37.56370849,126.970043,377.9433754,1274.6,140,40,99,9,109.1088259,경찰청.동북아역사재단,1.75,91.04166667,서대문역,107.56,2628.34,3.03,15.3722515,161.40863,91.04166667,70.36696370109375,서울특별시 중구 순화동
오렌지카운티을지로,15.79,37.56522767,127.0014111,351.9331046,1221.4,90,33,49,30,111.179738,베이튼호텔,1.25,17.11458333,을지로4가역,106.06,2698.72,2.93,8.245917,86.58213,17.11458333,69.4675471021289,서울특별시 중구 오장동
리마크빌동대문,24.25,37.56579485,127.0166238,58.0613569,1218.5,43,14,17,31,187.3336721,신당역.중앙시장앞,1.5,86.25,신당역,106.85,2703.24,2.98,14.756281,154.94095,86.25,68.69094848632812,서울특별시 중구 흥인동
충무로엘크루메크로시티2,22.75,37.5633946,126.9999942,403.9462367,1370.1,101,37,51,31,72.19381704,퇴계로5가,3.25,75.70833333,을지로4가역,109.1,2417.56,3.62,13.745537,144.32812,75.70833333,68.61979167,서울특별시 중구 충무로5가
(73-1),19.5,37.56980153,127.0193293,462.5655164,1196.0,27,7,5,23,104.256132,청계8가.영도교,1.25,50.52083333,신당역,105.3,2724.02,2.88,11.067686,116.2107,50.52083333,65.68986765876953,서울특별시 중구 황학동
(73-1),18.97,37.56980153,127.0193293,462.5655164,1247.1,27,7,5,23,104.256132,청계8가.영도교,1.5,41.75,신당역,106.85,2703.24,2.98,10.040066,105.420685,41.75,63.670684814453125,서울특별시 중구 황학동
리하우스(LEEHAUS),40.236,37.55991429,126.9666325,200.5556823,1430.4,102,32,89,7,114.0273568,한국경제신문사.서소문역사공원,3.0,92.0,충정로(경기대입구)역,109.21,2230.27,3.52,14.689525,154.24,92.0,62.24000549316406,서울특별시 중구 중림동
한진해모로,27.27,37.56372841,127.0257107,329.2851317,1185.5,18,7,4,16,155.7631519,신당초등학교,1.25,7.239583333,상왕십리역,104.69,2865.55,2.82,6.5721607,69.00769,7.239583333,61.7681070966875,서울특별시 중구 신당동
리하우스(LEEHAUS),43.056,37.55991429,126.9666325,200.5556823,1202.4,102,32,89,7,114.0273568,한국경제신문사.서소문역사공원,1.25,77.41666667,충정로(경기대입구)역,104.69,2865.55,2.82,13.245214,139.07475,77.41666667,61.65808613761719,서울특별시 중구 중림동
청구e편한세상,118.47,37.55996016,127.015451,148.0705762,1190.4,63,20,29,31,70.23484134,청구역,1.25,310.4166667,청구역,104.69,2865.55,2.82,35.333652,371.00333,310.4166667,60.58665971601562,서울특별시 중구 신당동
리하우스(LEEHAUS),43.056,37.55991429,126.9666325,200.5556823,1199.5,102,32,89,7,114.0273568,한국경제신문사.서소문역사공원,1.25,77.41666667,충정로(경기대입구)역,105.3,2724.02,2.88,13.067348,137.20714,77.41666667,59.79047139152344,서울특별시 중구 중림동
서울역센트럴자이,59.9707,37.55478004,126.9644582,546.5467807,1309.6,47,20,55,4,161.2238443,손기정체육공원입구,2.5,235.1666667,충정로(경기대입구)역,108.62,2479.57,3.27,28.081306,294.85373,235.1666667,59.68706254804687,서울특별시 중구 만리동2가
동대문와이즈캐슬,15.55,37.56575366,127.0154437,76.3137868,1332.5,52,17,26,31,102.6009616,충무아트센터.스포츠센터.중부소방서,2.5,53.25,신당역,108.62,2479.57,3.27,10.699037,112.33988,53.25,59.089881896972656,서울특별시 중구 흥인동
신당파인힐하나유보라,30.2477,37.56478,127.02471,413.0128704,1309.7,18,7,4,22,17.8702148,신당파인힐하나유보라,2.5,72.33333333,상왕십리역,108.62,2479.57,3.27,12.473812,130.97502,72.33333333,58.641688032304685,서울특별시 중구 신당동
신당파인힐하나유보라,24.3931,37.56478,127.02471,413.0128704,1277.0,18,7,4,22,17.8702148,신당파인힐하나유보라,1.75,65.45833333,상왕십리역,107.56,2628.34,3.03,11.657836,122.40727,65.45833333,56.94893900886719,서울특별시 중구 신당동
한진해모로,27.27,37.56372841,127.0257107,329.2851317,1199.6,18,7,4,16,155.7631519,신당초등학교,1.25,12.90208333,상왕십리역,105.3,2724.02,2.88,6.613364,69.44032,12.90208333,56.538239545976566,서울특별시 중구 신당동
더플레이스충정로,19.95,37.55898079,126.9660682,169.5458754,1274.6,90,31,86,5,152.2182876,종근당.충정로역,1.75,72.45833333,충정로(경기대입구)역,107.56,2628.34,3.03,12.250226,128.62737,72.45833333,56.169031782304685,서울특별시 중구 중림동
충무로헤센스마트,19.76,37.56134257,126.9985981,399.4739357,1224.2,117,36,52,32,166.9549957,퇴계로5가,1.5,81.25,충무로역,106.85,2703.24,2.98,13.077416,137.31287,81.25,56.0628662109375,서울특별시 중구 충무로5가
리하우스(LEEHAUS),43.056,37.55991429,126.9666325,200.5556823,1427.0,102,32,89,7,114.0273568,한국경제신문사.서소문역사공원,3.0,92.0,충정로(경기대입구)역,109.21,2230.27,3.52,14.081751,147.85838,92.0,55.85838317871094,서울특별시 중구 중림동
충무로헤센스마트,21.04,37.56134257,126.9985981,399.4739357,1195.2,117,36,52,32,166.9549957,퇴계로5가,1.25,81.04166667,충무로역,104.69,2865.55,2.82,13.031416,136.82986,81.04166667,55.78819783195313,서울특별시 중구 충무로5가
신당파인힐하나유보라,30.4927,37.56478,127.02471,413.0128704,1211.1,18,7,4,22,17.8702148,신당파인힐하나유보라,1.25,70.16666667,상왕십리역,106.06,2698.72,2.93,11.947891,125.45286,70.16666667,55.28619130119141,서울특별시 중구 신당동
더플레이스충정로,17.68,37.55898079,126.9660682,169.5458754,1197.8,90,31,86,5,152.2182876,종근당.충정로역,1.25,70.04166667,충정로(경기대입구)역,105.3,2724.02,2.88,11.854588,124.47317,70.04166667,54.4315007494336,서울특별시 중구 중림동
더플레이스충정로,22.67,37.55898079,126.9660682,169.5458754,1196.4,90,31,86,5,152.2182876,종근당.충정로역,1.25,76.04166667,충정로(경기대입구)역,105.3,2724.02,2.88,12.369196,129.87656,76.04166667,53.83488972648438,서울특별시 중구 중림동
한진해모로,27.27,37.56372841,127.0257107,329.2851317,1230.1,18,7,4,16,155.7631519,신당초등학교,1.5,14.87875,상왕십리역,106.85,2703.24,2.98,6.46004,67.83042,14.87875,52.95167144775391,서울특별시 중구 신당동
동대문솔하임,19.67,37.56771654,127.0163481,174.3397766,1202.7,42,14,17,30,87.47235825,성동공업고등학교(무궁화회관),1.25,86.04166667,신당역,106.06,2698.72,2.93,13.215988,138.76787,86.04166667,52.72620137199219,서울특별시 중구 흥인동
리하우스(LEEHAUS),30.357,37.55991429,126.9666325,200.5556823,1436.6,102,32,89,7,114.0273568,한국경제신문사.서소문역사공원,3.0,81.0,충정로(경기대입구)역,109.21,2230.27,3.52,12.70617,133.41478,81.0,52.41477966308594,서울특별시 중구 중림동
충무로헤센스마트,19.76,37.56134257,126.9985981,399.4739357,1269.4,117,36,52,32,166.9549957,퇴계로5가,1.5,71.25,충무로역,106.85,2703.24,2.98,11.7735615,123.6224,71.25,52.37239837646485,서울특별시 중구 충무로5가
더플레이스충정로,17.04,37.55898079,126.9660682,169.5458754,1236.6,90,31,86,5,152.2182876,종근당.충정로역,1.5,71.25,충정로(경기대입구)역,106.85,2703.24,2.98,11.737456,123.243286,71.25,51.9932861328125,서울특별시 중구 중림동
더플레이스충정로,17.68,37.55898079,126.9660682,169.5458754,1419.3,90,31,86,5,152.2182876,종근당.충정로역,3.0,71.5,충정로(경기대입구)역,109.21,2230.27,3.52,11.749245,123.36707,71.5,51.86707305908203,서울특별시 중구 중림동
삼정아트테라스정동,14.2664,37.56325109,126.9720315,300.913761,1404.2,143,42,101,11,230.6842081,서소문KAL빌딩,3.0,70.0,시청역,109.21,2230.27,3.52,11.602352,121.82469,70.0,51.82469177246094,서울특별시 중구 정동
파크원빌,20.01,37.56036707,127.0045435,173.3487208,1228.7,87,29,50,29,101.4930814,장충동.동국대입구,1.25,71.04166667,동대입구역,106.06,2698.72,2.93,11.5344095,121.1113,71.04166667,50.06963093742188,서울특별시 중구 장충동2가
동대문와이즈캐슬,15.55,37.56575366,127.0154437,76.3137868,1297.9,52,17,26,31,102.6009616,충무아트센터.스포츠센터.중부소방서,2.25,61.875,신당역,108.74,2362.79,3.17,10.5883665,111.17785,61.875,49.30284881591797,서울특별시 중구 흥인동
청계우성아트윈,16.1,37.56985003,127.0222559,522.3118814,1418.1,22,7,4,23,149.3767938,황학동롯데캐슬,3.0,52.5,신당역,109.21,2230.27,3.52,9.6688385,101.522804,52.5,49.02280426025391,서울특별시 중구 황학동
파크원빌,14.22,37.56036707,127.0045435,173.3487208,1216.7,87,29,50,29,101.4930814,장충동.동국대입구,1.5,61.25,동대입구역,106.85,2703.24,2.98,10.449583,109.72062,61.25,48.47061920166016,서울특별시 중구 장충동2가
동대문와이즈캐슬,15.55,37.56575366,127.0154437,76.3137868,1302.7,52,17,26,31,102.6009616,충무아트센터.스포츠센터.중부소방서,2.25,65.875,신당역,108.74,2362.79,3.17,10.870393,114.13912,65.875,48.264122009277344,서울특별시 중구 흥인동
동대문와이즈캐슬,16.55,37.56575366,127.0154437,76.3137868,1205.7,52,17,26,31,102.6009616,충무아트센터.스포츠센터.중부소방서,1.25,62.08333333,신당역,105.3,2724.02,2.88,10.474738,109.98476,62.08333333,47.90142313972656,서울특별시 중구 흥인동
동대문와이즈캐슬,15.55,37.56575366,127.0154437,76.3137868,1332.5,52,17,26,31,102.6009616,충무아트센터.스포츠센터.중부소방서,2.5,65.08333333,신당역,108.62,2479.57,3.27,10.699037,112.33988,65.08333333,47.256548566972654,서울특별시 중구 흥인동
약수역더시티,18.86,37.55320546,127.0107186,121.6217751,1261.8,52,16,29,8,97.2262724,약수역,1.75,86.45833333,약수역,107.56,2628.34,3.03,12.698474,133.33397,86.45833333,46.875635786210935,서울특별시 중구 신당동
더플레이스충정로,17.04,37.55898079,126.9660682,169.5458754,1266.0,90,31,86,5,152.2182876,종근당.충정로역,1.75,71.45833333,충정로(경기대입구)역,108.74,2474.95,3.1,11.269783,118.332726,71.45833333,46.87439219490234,서울특별시 중구 중림동
더플레이스충정로,14.32,37.55898079,126.9660682,169.5458754,1272.7,90,31,86,5,152.2182876,종근당.충정로역,1.75,62.45833333,충정로(경기대입구)역,107.56,2628.34,3.03,10.402118,109.22224,62.45833333,46.76390330330078,서울특별시 중구 중림동
파크원빌,13.51,37.56036707,127.0045435,173.3487208,1199.6,87,29,50,29,101.4930814,장충동.동국대입구,1.25,61.04166667,동대입구역,105.3,2724.02,2.88,10.226971,107.38319,61.04166667,46.34151967033203,서울특별시 중구 장충동2가
파크원빌,13.12,37.56036707,127.0045435,173.3487208,1199.5,87,29,50,29,101.4930814,장충동.동국대입구,1.25,61.04166667,동대입구역,105.3,2724.02,2.88,10.226971,107.38319,61.04166667,46.34151967033203,서울특별시 중구 장충동2가
신당파인힐하나유보라,30.4927,37.56478,127.02471,413.0128704,1298.0,18,7,4,22,17.8702148,신당파인힐하나유보라,2.25,80.5,상왕십리역,108.74,2362.79,3.17,12.060863,126.63905,80.5,46.13905334472656,서울특별시 중구 신당동
파크원빌,13.51,37.56036707,127.0045435,173.3487208,1196.9,87,29,50,29,101.4930814,장충동.동국대입구,1.25,61.04166667,동대입구역,105.3,2724.02,2.88,10.164263,106.72476,61.04166667,45.68309529289063,서울특별시 중구 장충동2가
오렌지카운티을지로,12.26,37.56522767,127.0014111,351.9331046,1429.7,90,33,49,30,111.179738,베이튼호텔,2.5,45.75,을지로4가역,108.93,2333.93,3.38,8.632278,90.63892,45.75,44.88892364501953,서울특별시 중구 오장동
덕수궁롯데캐슬,117.7748,37.56370849,126.970043,377.9433754,1196.0,140,40,99,9,109.1088259,경찰청.동북아역사재단,1.25,312.5,서대문역,105.3,2724.02,2.88,33.98264,356.81772,312.5,44.317718505859375,서울특별시 중구 순화동
동대문와이즈캐슬,15.55,37.56575366,127.0154437,76.3137868,1267.7,52,17,26,31,102.6009616,충무아트센터.스포츠센터.중부소방서,1.75,64.45833333,신당역,107.56,2628.34,3.03,10.335115,108.518715,64.45833333,44.060381574785154,서울특별시 중구 흥인동
삼정아트테라스정동,14.2664,37.56325109,126.9720315,300.913761,1220.6,143,42,101,11,230.6842081,서소문KAL빌딩,1.25,65.20833333,시청역,106.06,2698.72,2.93,10.329169,108.45628,65.20833333,43.247950239335935,서울특별시 중구 정동
덕수궁롯데캐슬,31.7571,37.56370849,126.970043,377.9433754,1394.2,140,40,99,9,109.1088259,경찰청.동북아역사재단,2.5,137.1666667,서대문역,108.93,2333.93,3.38,17.177423,180.36295,137.1666667,43.19627885664062,서울특별시 중구 순화동
파크원빌,13.51,37.56036707,127.0045435,173.3487208,1436.5,87,29,50,29,101.4930814,장충동.동국대입구,3.0,65.5,동대입구역,109.21,2230.27,3.52,10.308213,108.23624,65.5,42.736236572265625,서울특별시 중구 장충동2가
(73-1),16.69,37.56980153,127.0193293,462.5655164,1287.5,27,7,5,23,104.256132,청계8가.영도교,1.75,46.45833333,신당역,108.74,2474.95,3.1,8.3895235,88.09,46.45833333,41.63166300789062,서울특별시 중구 황학동
남산SKLEADERSVIEW,137.53,37.55912534,126.9806038,219.1012692,1427.2,163,50,119,11,184.967573,남산3호터널.서울애니메이션센터,2.5,317.0,회현(남대문시장)역,108.93,2333.93,3.38,34.08343,357.876,317.0,40.876007080078125,서울특별시 중구 회현동1가
오렌지카운티을지로,12.43,37.56522767,127.0014111,351.9331046,1420.6,90,33,49,30,111.179738,베이튼호텔,3.0,65.5,을지로4가역,109.21,2230.27,3.52,9.892045,103.86647,65.5,38.36647033691406,서울특별시 중구 오장동
오렌지카운티을지로,12.26,37.56522767,127.0014111,351.9331046,1197.1,90,33,49,30,111.179738,베이튼호텔,1.25,58.52083333,을지로4가역,105.3,2724.02,2.88,9.199292,96.59257,58.52083333,38.07173411384765,서울특별시 중구 오장동
약수역더시티,18.86,37.55320546,127.0107186,121.6217751,1428.9,52,16,29,8,97.2262724,약수역,3.0,102.5,약수역,109.21,2230.27,3.52,13.126408,137.82729,102.5,35.32728576660156,서울특별시 중구 신당동
충무로헤센스마트,40.65,37.56134257,126.9985981,399.4739357,1334.1,117,36,52,32,166.9549957,퇴계로5가,3.25,130.4166667,충무로역,109.1,2417.56,3.62,15.715411,165.01181,130.4166667,34.59514360273437,서울특별시 중구 충무로5가
덕수궁롯데캐슬,69.5135,37.56370849,126.970043,377.9433754,1257.1,140,40,99,9,109.1088259,경찰청.동북아역사재단,1.75,287.2916667,서대문역,108.74,2474.95,3.1,30.507624,320.33005,287.2916667,33.03838090742187,서울특별시 중구 순화동
청계리버팰리스B,26.94,37.56988879,127.0206916,481.0798927,1287.5,23,7,4,23,185.3077778,청계8가.영도교,1.75,92.91666667,신당역,108.74,2474.95,3.1,11.94628,125.435936,92.91666667,32.519269304121096,서울특별시 중구 황학동
약수역더시티,19.06,37.55320546,127.0107186,121.6217751,1408.0,52,16,29,8,97.2262724,약수역,2.5,102.0833333,약수역,108.93,2333.93,3.38,12.500752,131.2579,102.0833333,29.17457075273437,서울특별시 중구 신당동
충무로헤센스마트,21.04,37.56134257,126.9985981,399.4739357,1257.6,117,36,52,32,166.9549957,퇴계로5가,1.75,89.45833333,충무로역,108.74,2474.95,3.1,11.296163,118.60971,89.45833333,29.151377363359373,서울특별시 중구 충무로5가
청계리버팰리스A,26.14,37.56974678,127.0207291,466.3286253,1219.4,23,7,4,23,195.8442161,청계8가.영도교,1.25,102.0833333,신당역,106.06,2698.72,2.93,12.452451,130.75073,102.0833333,28.667399121875,서울특별시 중구 황학동
신성아파트,49.88,37.56354625,126.995815,280.8598005,1304.0,131,36,71,27,177.8616882,충무로역8번출구.대한극장앞,2.25,66.875,충무로역,108.74,2362.79,3.17,9.050196,95.02705,66.875,28.15204620361328,서울특별시 중구 인현동2가
롯데캐슬,33.62,37.57081055,127.0214639,533.6157523,1436.6,21,7,4,23,99.4277459,황학동롯데캐슬,3.0,22.0,신설동역,109.21,2230.27,3.52,4.5437336,47.7092,22.0,25.70920181274414,서울특별시 중구 황학동
오렌지카운티을지로,12.43,37.56522767,127.0014111,351.9331046,1286.4,90,33,49,30,111.179738,베이튼호텔,1.75,64.45833333,을지로4가역,107.56,2628.34,3.03,8.35227,87.69884,64.45833333,23.240503950273435,서울특별시 중구 오장동
남산타운(임대),32.76,37.54716677,127.0056772,153.7732237,1323.7,30,13,28,6,38.78579685,버티고개,2.25,10.606875,버티고개역,108.74,2362.79,3.17,3.0726352,32.26267,10.606875,21.65579360961914,서울특별시 중구 신당동
남산타운(임대),32.76,37.54716677,127.0056772,153.7732237,1311.7,30,13,28,6,38.78579685,버티고개,2.25,11.540625,버티고개역,108.74,2362.79,3.17,3.0726352,32.26267,11.540625,20.722043609619146,서울특별시 중구 신당동
남산타운(임대),32.76,37.54716677,127.0056772,153.7732237,1299.3,30,13,28,6,38.78579685,버티고개,2.25,11.09375,버티고개역,108.74,2362.79,3.17,3.0078323,31.58224,11.09375,20.488489151000977,서울특별시 중구 신당동
남산타운(임대),32.76,37.54716677,127.0056772,153.7732237,1241.1,30,13,28,6,38.78579685,버티고개,1.75,11.50270833,버티고개역,108.74,2474.95,3.1,2.9380627,30.849657,11.50270833,19.34694872871582,서울특별시 중구 신당동
청계리버팰리스A,27.84,37.56974678,127.0207291,466.3286253,1427.0,23,7,4,23,195.8442161,청계8가.영도교,3.0,130.1,신당역,109.21,2230.27,3.52,14.186383,148.95702,130.1,18.857015991210943,서울특별시 중구 황학동
서울역센트럴자이,59.943,37.55478004,126.9644582,546.5467807,1434.8,47,20,55,4,161.2238443,손기정체육공원입구,3.0,272.5,충정로(경기대입구)역,109.21,2230.27,3.52,27.662848,290.4599,272.5,17.95989990234375,서울특별시 중구 만리동2가
남산타운(임대),32.76,37.54716677,127.0056772,153.7732237,1374.8,30,13,28,6,38.78579685,버티고개,2.5,12.15625,버티고개역,108.93,2333.93,3.38,2.8447075,29.869429,12.15625,17.713178634643555,서울특별시 중구 신당동
롯데캐슬,33.62,37.57081055,127.0214639,533.6157523,1404.2,21,7,4,23,99.4277459,황학동롯데캐슬,3.0,29.46,신설동역,109.21,2230.27,3.52,4.3760796,45.948833,29.46,16.48883346557617,서울특별시 중구 황학동
롯데캐슬,33.62,37.57081055,127.0214639,533.6157523,1325.6,21,7,4,23,99.4277459,황학동롯데캐슬,3.25,29.915,신설동역,109.1,2417.56,3.62,4.370604,45.891342,29.915,15.976342163085938,서울특별시 중구 황학동
남산타운(임대),32.76,37.54716677,127.0056772,153.7732237,1237.1,30,13,28,6,38.78579685,버티고개,1.5,17.58125,버티고개역,106.85,2703.24,2.98,3.187925,33.473213,17.58125,15.89196319580078,서울특별시 중구 신당동
삼정아트테라스정동,13.8874,37.56325109,126.9720315,300.913761,1302.5,143,42,101,11,230.6842081,서소문KAL빌딩,2.5,99.16666667,시청역,108.62,2479.57,3.27,10.839528,113.81505,99.16666667,14.64838154777344,서울특별시 중구 정동
남산타운(임대),32.76,37.54716677,127.0056772,153.7732237,1314.9,30,13,28,6,38.78579685,버티고개,2.25,17.94875,버티고개역,108.74,2362.79,3.17,3.0726352,32.26267,17.94875,14.31391860961914,서울특별시 중구 신당동
남산타운(임대),32.76,37.54716677,127.0056772,153.7732237,1305.9,30,13,28,6,38.78579685,버티고개,2.25,18.371875,버티고개역,108.74,2362.79,3.17,3.0726352,32.26267,18.371875,13.89079360961914,서울특별시 중구 신당동
남산타운(임대),32.76,37.54716677,127.0056772,153.7732237,1300.7,30,13,28,6,38.78579685,버티고개,1.75,17.73791667,버티고개역,108.74,2474.95,3.1,3.0078323,31.58224,17.73791667,13.844322481000976,서울특별시 중구 신당동
남산타운(임대),32.76,37.54716677,127.0056772,153.7732237,1300.7,30,13,28,6,38.78579685,버티고개,1.75,17.73791667,버티고개역,108.74,2474.95,3.1,3.0078323,31.58224,17.73791667,13.844322481000976,서울특별시 중구 신당동
남산타운(임대),32.76,37.54716677,127.0056772,153.7732237,1300.7,30,13,28,6,38.78579685,버티고개,1.75,17.73791667,버티고개역,108.74,2474.95,3.1,3.0078323,31.58224,17.73791667,13.844322481000976,서울특별시 중구 신당동
삼익,59.58,37.55979536,126.9915927,269.8977033,1290.6,166,42,93,19,140.1028231,퇴계로3가.한옥마을.한국의집,1.75,122.9166667,충무로역,108.74,2474.95,3.1,12.987743,136.3713,122.9166667,13.454640673046882,서울특별시 중구 예장동
남산타운(임대),32.76,37.54716677,127.0056772,153.7732237,1303.1,30,13,28,6,38.78579685,버티고개,2.5,18.63541667,버티고개역,108.62,2479.57,3.27,3.049572,32.020504,18.63541667,13.385087327802731,서울특별시 중구 신당동
남산타운(임대),32.76,37.54716677,127.0056772,153.7732237,1322.4,30,13,28,6,38.78579685,버티고개,3.25,19.42604167,버티고개역,109.1,2417.56,3.62,3.071587,32.251663,19.42604167,12.825621538007812,서울특별시 중구 신당동
남산타운(임대),32.76,37.54716677,127.0056772,153.7732237,1390.1,30,13,28,6,38.78579685,버티고개,2.5,18.63541667,버티고개역,108.93,2333.93,3.38,2.8447075,29.869429,18.63541667,11.234011964643551,서울특별시 중구 신당동
남산타운(임대),32.76,37.54716677,127.0056772,153.7732237,1381.2,30,13,28,6,38.78579685,버티고개,2.5,18.63541667,버티고개역,108.93,2333.93,3.38,2.8447075,29.869429,18.63541667,11.234011964643551,서울특별시 중구 신당동
남산타운(임대),32.76,37.54716677,127.0056772,153.7732237,1345.1,30,13,28,6,38.78579685,버티고개,2.5,18.63541667,버티고개역,108.93,2333.93,3.38,2.8447075,29.869429,18.63541667,11.234011964643551,서울특별시 중구 신당동
약수하이츠,32.67,37.5551916,127.0163594,358.1312623,1374.8,47,17,24,13,392.9343566,신당동대우푸르지오.금호여중,2.5,16.20416667,신금호역,108.93,2333.93,3.38,2.5953002,27.250652,16.20416667,11.046485643232424,서울특별시 중구 신당동
덕수궁롯데캐슬,42.3686,37.56370849,126.970043,377.9433754,1269.4,140,40,99,9,109.1088259,경찰청.동북아역사재단,1.75,152.9166667,서대문역,107.56,2628.34,3.03,15.61303,163.93681,152.9166667,11.02014665449218,서울특별시 중구 순화동
약수하이츠,32.67,37.5551916,127.0163594,358.1312623,1312.9,47,17,24,13,392.9343566,신당동대우푸르지오.금호여중,2.25,15.98375,신금호역,108.74,2362.79,3.17,2.4766712,26.005049,15.98375,10.021298751831054,서울특별시 중구 신당동
청구e편한세상(임대),35.79,37.55996016,127.015451,148.0705762,1300.7,63,20,29,31,70.23484134,청구역,1.75,20.631875,청구역,108.74,2474.95,3.1,2.8989494,30.438969,20.631875,9.807093658447265,서울특별시 중구 신당동
약수하이츠,32.67,37.5551916,127.0163594,358.1312623,1305.9,47,17,24,13,392.9343566,신당동대우푸르지오.금호여중,2.25,15.98375,신금호역,108.74,2362.79,3.17,2.3925216,25.121477,15.98375,9.137727127075197,서울특별시 중구 신당동
롯데캐슬,33.62,37.57081055,127.0214639,533.6157523,1287.5,21,7,4,23,99.4277459,황학동롯데캐슬,1.75,27.185,신설동역,108.74,2474.95,3.1,3.4270468,35.98399,27.185,8.798989715576173,서울특별시 중구 황학동
약수하이츠,32.67,37.5551916,127.0163594,358.1312623,1289.7,47,17,24,13,392.9343566,신당동대우푸르지오.금호여중,1.75,16.086875,신금호역,108.74,2474.95,3.1,2.360762,24.787998,16.086875,8.701123199462891,서울특별시 중구 신당동
약수하이츠,32.67,37.5551916,127.0163594,358.1312623,1202.4,47,17,24,13,392.9343566,신당동대우푸르지오.금호여중,1.25,15.440625,신금호역,104.69,2865.55,2.82,2.1509078,22.58453,15.440625,7.143904876708984,서울특별시 중구 신당동
약수하이츠,32.67,37.5551916,127.0163594,358.1312623,1227.7,47,17,24,13,392.9343566,신당동대우푸르지오.금호여중,1.5,25.26625,신금호역,106.85,2703.24,2.98,2.903114,30.482697,25.26625,5.216446533203126,서울특별시 중구 신당동
청계천두산위브더제니스,46.735,37.5668676,127.0171229,117.1399006,1369.7,42,14,17,30,190.9665407,신당역.중앙시장앞,2.5,441.6666667,신당역,108.93,2333.93,3.38,42.336502,444.53326,441.6666667,2.8665974601562425,서울특별시 중구 흥인동
신당파인힐하나유보라,32.5619,37.56478,127.02471,413.0128704,1267.7,18,7,4,22,17.8702148,신당파인힐하나유보라,1.75,84.83333333,상왕십리역,107.56,2628.34,3.03,8.291088,87.05642,84.83333333,2.223086042558592,서울특별시 중구 신당동
남산롯데캐슬아이리스,33.81,37.55822471,126.9817445,310.7749621,1224.2,163,48,118,11,85.65990389,남산3호터널,1.5,173.75,회현(남대문시장)역,106.85,2703.24,2.98,16.511263,173.36826,173.75,-0.381744384765625,서울특별시 중구 회현동1가
신당파인힐하나유보라,32.5619,37.56478,127.02471,413.0128704,1287.5,18,7,4,22,17.8702148,신당파인힐하나유보라,1.75,84.83333333,상왕십리역,108.74,2474.95,3.1,7.993419,83.9309,84.83333333,-0.9024327562695332,서울특별시 중구 신당동
삼정아트테라스정동,30.8396,37.56325109,126.9720315,300.913761,1227.7,143,42,101,11,230.6842081,서소문KAL빌딩,1.5,256.25,시청역,106.85,2703.24,2.98,22.806185,239.46494,256.25,-16.785064697265625,서울특별시 중구 정동
남산롯데캐슬아이리스,176.42,37.55822471,126.9817445,310.7749621,1197.8,163,48,118,11,85.65990389,남산3호터널,1.25,404.1666667,회현(남대문시장)역,105.3,2724.02,2.88,36.147537,379.54913,404.1666667,-24.61753339921876,서울특별시 중구 회현동1가
남산롯데캐슬아이리스,176.42,37.55822471,126.9817445,310.7749621,1202.7,163,48,118,11,85.65990389,남산3호터널,1.25,422.9166667,회현(남대문시장)역,105.3,2724.02,2.88,36.84442,386.86642,422.9166667,-36.05024213945313,서울특별시 중구 회현동1가
쌍용남산플래티넘,139.8,37.5594119,126.9832199,325.4312475,1263.1,175,51,123,11,53.1320518,남산3호터널.서울애니메이션센터,1.5,402.125,명동역,106.85,2703.24,2.98,33.621708,353.02792,402.125,-49.097076416015625,서울특별시 중구 회현동2가
쌍용남산플래티넘,139.8,37.5594119,126.9832199,325.4312475,1299.4,175,51,123,11,53.1320518,남산3호터널.서울애니메이션센터,1.75,395.8333333,명동역,108.74,2474.95,3.1,32.195007,338.04758,395.8333333,-57.78575639570312,서울특별시 중구 회현동2가
남산트라팰리스,116.11,37.55399468,126.9756127,300.4051187,1202.4,115,37,95,8,83.4997359,후암삼거리,1.25,470.8333333,서울역,104.69,2865.55,2.82,35.932106,377.28708,470.8333333,-93.54625444257812,서울특별시 중구 남대문로5가
서울역센트럴자이(임대),39.9541,37.55457608,126.963957,570.35221,1374.8,39,20,55,4,201.7103826,손기정체육공원입구,2.5,245.5,충정로(경기대입구)역,108.93,2333.93,3.38,12.313402,129.29073,245.5,-116.2092742919922,서울특별시 중구 만리동2가
남산롯데캐슬아이리스,176.42,37.55822471,126.9817445,310.7749621,1196.0,163,48,118,11,85.65990389,남산3호터널,1.25,550.8333333,회현(남대문시장)역,105.3,2724.02,2.88,36.147537,379.54913,550.8333333,-171.2841999992188,서울특별시 중구 회현동1가
남산롯데캐슬아이리스,133.98,37.55822471,126.9817445,310.7749621,1245.8,163,48,118,11,85.65990389,남산3호터널,1.75,600.0,회현(남대문시장)역,107.56,2628.34,3.03,38.07288,399.76523,600.0,-200.2347717285156,서울특별시 중구 회현동1가
남산트라팰리스,148.47,37.55399468,126.9756127,300.4051187,1202.4,115,37,95,8,83.4997359,후암삼거리,1.25,675.0,서울역,104.69,2865.55,2.82,35.932106,377.28708,675.0,-297.7129211425781,서울특별시 중구 남대문로5가
남산트라팰리스,148.47,37.55399468,126.9756127,300.4051187,1303.1,115,37,95,8,83.4997359,후암삼거리,2.5,700.0,서울역,108.62,2479.57,3.27,37.004696,388.5493,700.0,-311.4507141113281,서울특별시 중구 남대문로5가
쌍용남산플래티넘,166.24,37.5594119,126.9832199,325.4312475,1228.7,175,51,123,11,53.1320518,남산3호터널.서울애니메이션센터,1.25,702.0833333,명동역,106.06,2698.72,2.93,31.728374,333.14795,702.0833333,-368.9353840812501,서울특별시 중구 회현동2가
